"SEQUENCE","geneCount","genotypeCount","GENE_SYMBOL","GSM2359851_CoV1","GSM2359853_CoV2","GSM2359910_CoV3","GSM2359913_CoV4","GSM2359850_ctrl1","GSM2359852_ctrl2","GSM2359911_ctrl3","GSM2359914_ctrl4","GSM2359912_Il1","GSM2359917_IL2","GSM2359915_inactiveHeatCoV1","GSM2359916_inactiveHeatCoV2","GSM2685693_CoV_0hr_Group_A","GSM2685694_CoV_0hr_Group_B","GSM2685695_CoV_0hr_Group_C","GSM2685696_CoV_0hr_Group_D","GSM2685697_CoV_0hr_Group_E","GSM2685698_ctrl_0hr_Group_A","GSM2685699_ctrl_0hr_Group_B","GSM2685700_ctrl_0hr_Group_C","GSM2685701_ctrl_0hr_Group_D","GSM2685702_ctrl_0hr_Group_E","GSM2685703_CoV_12hr_Group_A","GSM2685704_CoV_12hr_Group_B","GSM2685705_CoV_12hr_Group_C","GSM2685706_CoV_12hr_Group_D","GSM2685707_CoV_12hr_Group_E","GSM2685708_ctrl_12hr_Group_A","GSM2685709_ctrl_12hr_Group_B","GSM2685710_ctrl_12hr_Group_C","GSM2685711_ctrl_12hr_Group_D","GSM2685712_ctrl_12hr_Group_E","GSM2685713_CoV_24hr_Group_A","GSM2685714_CoV_24hr_Group_B","GSM2685715_CoV_24hr_Group_C","GSM2685716_CoV_24hr_Group_D","GSM2685717_CoV_24hr_Group_E","GSM2685718_ctrl_24hr_Group_A","GSM2685719_ctrl_24hr_Group_B","GSM2685720_ctrl_24hr_Group_C","GSM2685721_ctrl_24hr_Group_D","GSM2685722_ctrl_24hr_Group_E","GSM2685723_CoV_36hr_Group_A","GSM2685724_CoV_36hr_Group_B","GSM2685725_CoV_36hr_Group_C","GSM2685726_CoV_36hr_Group_D","GSM2685727_CoV_36hr_Group_E","GSM2685728_ctrl_36hr_Group_A","GSM2685729_ctrl_36hr_Group_B","GSM2685730_ctrl_36hr_Group_C","GSM2685731_ctrl_36hr_Group_D","GSM2685732_ctrl_36hr_Group_E","GSM2685733_CoV_48hr_Group_A","GSM2685734_CoV_48hr_Group_B","GSM2685735_CoV_48hr_Group_C","GSM2685736_CoV_48hr_Group_D","GSM2685737_CoV_48hr_Group_E","GSM2685738_ctrl_48hr_Group_A","GSM2685739_ctrl_48hr_Group_B","GSM2685740_ctrl_48hr_Group_C","GSM2685741_ctrl_48hr_Group_D","GSM2685742_ctrl_48hr_Group_E"
"AAACTTACTCCAGAGCTCCTTGTGCATCTGACCAGCACCATCGACAGAATAAACACAGAA","255",15,"PDE4DIP",27.8,12.3375,3.696338518,3.790724813,16.52,17.73,3.578242829,3.624038443,3.140927952,3.670410489,3.546095168,3.47859441,6.046074111,5.934565564,5.909933623,5.928473777,6.04956326,5.968496257,5.917774892,5.90060245,5.973161255,5.965959653,6.034281385,5.986078689,5.976716506,5.856839336,5.976716506,6.101625287,6.05413,6.05673309,6.073452212,5.943682861,5.85216248,5.994475658,5.975570608,6.113093036,6.081570125,5.971028407,6.006995727,6.054347104,6.01616409,6.065870528,6.037753403,6.075165047,6.035601547,6.040386183,6.130249386,6.026381662,6.192379564,6.083911547,6.013709998,5.996009792,6.245534547,6.171151448,6.220089748,6.193562757,6.168182639,6.113509826,6.118294278,6.178938353,6.181524676,6.050869519
"AACAGAGTCCTCAGGGAAGAAAATCGAAGACTTCAGGCTCAACTGAGTCATGTTTCCAGA","255",15,"PDE4DIP",14.3875,20.8875,2.637106727,3.344585678,11.3625,18.1125,3.5515657,4.151561064,2.785069998,2.55281496,4.287653889,3.088423926,6.84426918,6.971306904,7.045376957,7.000705957,7.075462887,7.021435279,6.877443018,6.843578446,7.033152836,6.998620325,6.550616803,6.692291927,7.076585599,6.551539915,6.801300682,7.304274245,7.267866799,7.233682205,7.044011052,7.003569482,6.871180671,6.762130793,7.027861745,7.096056775,7.274541985,7.236172311,7.108755503,7.072893403,7.111257387,7.153700207,7.290150684,7.038979007,7.256969456,7.247511917,7.275706255,7.224260604,7.247511917,7.135662203,7.204644309,7.221894807,7.588102165,7.6248169,7.440706857,7.487355019,7.538375239,7.351579784,7.255081799,7.147917318,7.127181711,7.342276571
"AAGGATTTGCTTATAAGGGTTCCTGCTTTCACAAAATTATTCCAGGTTTTATGTGTCAGG","70",5,"HSD17B7",5145.79,5373.3125,12.67214603,11.57369328,9277.955,8067.565,12.80880857,12.78388374,13.14058654,12.76700181,13.1367157,12.92663473,13.74391124,14.11259101,13.73122117,13.87993236,13.71143892,13.67960901,13.69024896,13.96125631,14.15526442,13.80640402,12.56361024,12.93146083,12.72550389,12.73546727,13.11280674,13.46902958,13.7145361,13.52971806,13.38389769,13.33129333,11.92182375,11.92778446,11.93951957,12.09957732,12.31798353,13.64847201,13.53946989,13.62557484,13.47822952,13.5118647,12.15572664,12.26359712,12.42450383,12.44035371,12.35166051,13.71760971,13.76883106,13.86798483,13.83089865,13.81402717,13.14509962,12.93074452,13.18415345,13.41850184,13.05673147,13.47978539,13.80917074,13.7681546,13.64961354,13.62148174
"AAGGATTTGGTTGTAAGGGCTCCCGCTTTCACAGAATTATTCCAGGGTTTATGTGTCAGG","70",5,"HSD17B7",11934.965,10287.105,13.0952298,11.83828787,17429.8675,16112.3825,13.20509365,12.94914026,13.4347626,13.04279294,13.45472919,13.39018805,13.35458633,13.77214197,13.24265997,13.42328613,13.23978886,13.18906257,13.05286282,13.40548402,13.62107269,13.28916243,12.29375788,12.50696854,12.48496033,12.44930758,12.45722595,13.04569501,12.97671377,12.97034609,13.18402082,13.07870057,11.60056389,11.64888381,11.38645858,11.5753743,11.87635044,13.11046472,13.12450037,13.2928085,13.19043524,13.19826025,11.84259433,11.98468763,12.03314974,12.08201963,11.79349604,13.3151575,13.32818068,13.37979612,13.34153079,13.28349877,12.6113421,12.47735759,12.73845459,12.88439875,12.555566,12.9138087,13.27204741,13.29020264,13.16737205,13.12164134
"AAGTGCTTGGAAATACTTGGGTGAATGTTACCAGACTCCTTCTCTCTCAGCTTACAGCCT","255",15,"PDE4DIP",32.27375,16.51,3.847675527,4.423908904,18.11,13.44125,4.2848771,3.420707821,3.601485421,3.039667609,3.45044056,3.301999864,6.55829142,6.538600988,6.586001231,6.563639464,6.563181836,6.640295264,6.454374291,6.5291814,6.591771321,6.439847049,6.361784077,6.351777647,6.239437091,6.289630246,6.313740513,6.556912998,6.581489005,6.587802177,6.601072046,6.452728169,6.771657252,6.554766166,6.962202306,6.900673716,6.827556353,6.716954252,6.591846105,6.56864534,6.576811498,6.596606783,7.03122973,6.920562767,7.063761349,6.929103985,7.136585263,6.797544538,6.722416405,6.836526627,6.763127303,6.748119062,7.418830031,7.609460019,7.428115153,7.451625823,7.479293517,6.884899713,6.755348316,6.925081128,6.742201657,6.787926507
"AATCTACGAGGCACTTTATGGCAATTCCAAGAAGGGGCTGAAAGGTATGTGTTCTTCTCC","255",15,"PDE4DIP",16.6725,23.475,3.444824675,4.177188229,18.155,17.48,3.766645398,4.254487195,4.957137537,3.629881774,3.956468127,3.372407943,6.123683752,6.109127513,6.141085056,6.181922161,6.206088099,6.130249386,6.183511005,6.192774069,6.209796197,6.250185556,6.078798082,5.986078689,6.136415031,6.123683752,6.140471665,6.31995457,6.301537713,6.278181924,6.040386183,6.066731712,6.237143884,6.217183923,6.27948256,6.339209262,6.214855041,6.136825139,6.274459347,6.116008041,6.084124216,6.189750126,6.508058253,6.419115967,6.501226217,6.419621644,6.452728169,6.22047675,6.297905352,6.236570013,6.174351162,6.206478874,6.421979129,6.675679313,6.538290578,6.562724063,6.449182634,6.132513183,6.191787603,6.10850038,6.154514092,6.120162144
"AATGATCAGAAAAAGAAAGAAGCCAAAGAGAAAGGTACCTGGGTTCAACTGAAGTGCCAG","81",9,"RPL21",13038.3025,11010.6275,13.52803621,13.57114341,13483.44,9879.27,13.47275688,13.61414929,13.63344824,13.63094028,13.43060035,13.56487155,15.47185891,15.54139814,15.75359744,15.74315576,15.72134986,15.72134986,15.55071751,15.5601458,15.56995218,15.48672965,15.79116559,15.98975917,15.81126445,15.94328188,16.12366082,15.61749806,15.68440199,15.65119849,15.59529904,15.75359744,15.72737637,15.68440199,15.98975917,15.95037742,15.95584004,15.90878116,15.69808079,15.56995218,15.5913437,15.57509236,15.92858768,15.96363478,15.9831053,15.94328188,15.82348731,15.7059589,15.78643852,15.80743306,15.78141341,15.86311442,15.77086791,15.81126445,15.94328188,15.94328188,15.77086791,15.84044052,15.82348731,15.77086791,15.78643852,15.81566538
"ACAAGTGTTACCATGGCAAAACTGGAAGAGTCTACAATGTTACCCAGCATGCTGTTGGCA","81",9,"RPL21",30119.5375,30572.7075,14.71280195,14.61483403,34445.325,28827.185,14.70268047,14.70268047,14.75007501,14.68866149,14.63329563,14.80599478,13.95296106,13.75897332,13.25395324,13.54515587,13.62107269,13.58298943,13.86694912,13.84234996,13.77411641,13.7152956,13.79313751,13.75664347,13.82190012,13.93110832,13.63741124,13.46120394,13.24265997,13.64289288,13.71001709,13.87169314,13.64428962,13.6455578,13.46590384,13.55382798,13.53674455,13.71126324,13.75260499,13.77727957,13.79153594,13.81891027,13.56526468,13.67336165,13.63355223,13.52009882,13.44083363,13.53073504,13.57527995,13.53674455,13.5358022,13.50573665,13.3081493,13.26881187,12.95531318,12.88997751,13.04829036,13.64289288,13.42424715,13.695565,13.39007839,13.47196678
"ACCCTACAGCTCTTCCAAATATGCCACTGACCTTTTGAGTGTGGCTTTGAACAGGAACTT","70",5,"HSD17B7",371.82,322.1825,8.134597709,8.181266843,154.255,220.7375,6.715907458,6.808396985,6.558838731,6.75510807,6.888167826,6.090212345,7.76096557,7.679813744,7.857275303,7.798677533,7.866391895,7.74218836,7.684730151,7.53207618,7.70153016,7.715530914,7.14032274,7.179645525,7.13965787,7.096636636,7.207673078,7.879929277,7.815682204,7.818273307,7.596400128,7.567678844,7.437216074,7.360647887,7.359945471,7.465240213,7.550121949,7.841700104,7.824587443,7.783632163,7.80523907,7.700073959,7.075355916,7.076959642,7.301533285,7.61314906,7.419925658,7.815874297,7.751624126,7.830081796,7.789512624,7.876740952,7.615283875,7.377138869,7.65081931,7.822517617,7.494731975,7.822294536,7.826527055,7.672053765,7.855158422,7.714569654
"ACGCTGTTGATGCCGGCAATATTGCTACTTCGCTTTTTTGCAAATGCATTCACTTTGACA","70",50,"HSD17B7",213.675,195.095,7.177489854,7.72911096,121.7325,172.0175,6.57665216,6.391192119,6.560465386,6.498674383,6.666895401,6.421313872,7.76096557,7.679813744,7.857275303,7.798677533,7.866391895,7.74218836,7.684730151,7.53207618,7.70153016,7.715530914,7.14032274,7.179645525,7.13965787,7.096636636,7.207673078,7.879929277,7.815682204,7.818273307,7.596400128,7.567678844,7.437216074,7.360647887,7.359945471,7.465240213,7.550121949,7.841700104,7.824587443,7.783632163,7.80523907,7.700073959,7.075355916,7.076959642,7.301533285,7.61314906,7.419925658,7.815874297,7.751624126,7.830081796,7.789512624,7.876740952,7.615283875,7.377138869,7.65081931,7.822517617,7.494731975,7.822294536,7.826527055,7.672053765,7.855158422,7.714569654
"AGGTCAAGTTTATACATCTTAATTATGGTGGAATTCCTATGTAGAGTCTAAAAAGCCAGG","70",5,"HSD17B7",268.28,198.0825,7.012813697,6.513341771,553.595,301.9525,7.412306676,7.243844482,7.590199925,7.424796512,7.242360402,7.501435242,9.03962115,9.012739243,8.926669792,8.949465093,8.842746533,8.900764387,8.808501109,8.868501783,8.890951459,8.866401323,8.389528396,8.009191712,7.905606104,7.834891984,8.052411446,9.474103535,9.384559434,9.389665896,9.595884161,9.42230884,7.967723667,7.845939004,7.89697681,7.999471538,8.024287627,8.907840258,8.912668027,9.091768759,8.998198513,9.018606544,8.415450535,8.349639827,8.68083794,8.576809571,8.465203412,8.79355801,8.89391145,8.81402504,8.812357244,8.907780184,8.896562692,8.807599859,8.831738141,8.962595485,8.838498228,8.661194015,8.709414946,8.469137368,8.748682836,8.781281238
"ATATGTAAAGGGCCATTCTTAAGTTCTCTCCTTAAACTTAATGCTGTCAAGTGTTAGATG","90",60,"FRY",271.6525,357.92,8.202159132,8.706800167,97.325,202.9675,7.429588424,6.633365415,7.263232134,7.037296033,7.826072627,7.24439909,5.959534252,5.95512268,6.360555593,5.958142581,6.037140212,5.88725952,5.873910504,5.94696066,6.347886235,5.979920181,5.940802891,5.99691369,5.926814672,5.914190815,5.92989435,6.375402597,5.919921049,5.837682764,5.928710636,6.042576502,5.981747667,5.840832554,5.837682764,5.982204177,6.32955479,5.822294719,5.874648343,6.383866067,5.961156156,5.946258901,6.35495374,5.813952699,6.057816327,5.89455318,6.025496044,6.125711107,5.970798395,5.881211078,5.946492859,5.986761348,5.952795411,5.916103431,5.924203856,5.724779464,5.92989435,5.805983454,6.059503371,5.850420671,6.065332027,5.903015426
"ATCCGGGACATGATCCGCAGGGCCCAGAGTTACCGAGTCCTCACTACTTTTCTTCCAGAC","90",6,"FRY",58.96375,84.71,5.671110502,6.315514356,31.9675,48.28,4.905673323,4.654331182,5.9512353,5.31513131,5.197741621,5.555414279,11.322402,11.41985806,11.42628366,11.35937405,11.44152346,11.51738696,11.47270407,11.49504856,11.44005733,11.48245055,9.984313161,10.22472051,9.970963006,9.965922873,9.961132855,11.34762473,11.30916713,11.28234485,11.38130829,11.50496348,8.847859352,8.801857282,8.940536972,8.960830423,8.883562984,11.93645614,11.94169912,12.02726364,11.9400625,11.84230951,9.547340058,9.47081354,9.856730636,9.696369582,9.585969156,12.38296198,12.32627107,12.42866403,12.36271536,12.36035771,11.2386263,11.01147612,11.45337665,11.40870181,11.29781106,12.08700731,12.09537594,12.20544691,12.1080984,12.15942864
"ATCTTGTCCATGGCAAATGCTGGACCCAACACAAATGGTTCCCAGTTTTTCATCTGCACT","70",50,"HSD17B7",17904.9425,19128.7575,13.73439713,12.522699,21680.6475,27867.6175,13.91764859,13.53033247,13.98477805,13.66471097,14.10187295,13.86334208,9.03962115,9.012739243,8.926669792,8.949465093,8.842746533,8.900764387,8.808501109,8.868501783,8.890951459,8.866401323,8.389528396,8.009191712,7.905606104,7.834891984,8.052411446,9.474103535,9.384559434,9.389665896,9.595884161,9.42230884,7.967723667,7.845939004,7.89697681,7.999471538,8.024287627,8.907840258,8.912668027,9.091768759,8.998198513,9.018606544,8.415450535,8.349639827,8.68083794,8.576809571,8.465203412,8.79355801,8.89391145,8.81402504,8.812357244,8.907780184,8.896562692,8.807599859,8.831738141,8.962595485,8.838498228,8.661194015,8.709414946,8.469137368,8.748682836,8.781281238
"ATGGAGATTACAACTGCTTGTTGGAGACGATCCTGTGTGATCAGCTTCATAAAAGGGCTT","90",6,"FRY",9.065,20.7025,3.829276659,3.968946856,12.59,13.29,4.006207887,4.078738481,3.198799247,3.613910417,4.292262846,2.960500917,11.322402,11.41985806,11.42628366,11.35937405,11.44152346,11.51738696,11.47270407,11.49504856,11.44005733,11.48245055,9.984313161,10.22472051,9.970963006,9.965922873,9.961132855,11.34762473,11.30916713,11.28234485,11.38130829,11.50496348,8.847859352,8.801857282,8.940536972,8.960830423,8.883562984,11.93645614,11.94169912,12.02726364,11.9400625,11.84230951,9.547340058,9.47081354,9.856730636,9.696369582,9.585969156,12.38296198,12.32627107,12.42866403,12.36271536,12.36035771,11.2386263,11.01147612,11.45337665,11.40870181,11.29781106,12.08700731,12.09537594,12.20544691,12.1080984,12.15942864
"ATGGATGACACAAACAGCGAGCAGCAGTTTAGAGTCTTCAGAGACTTCGACTTCCTAGAT","90",6,"FRY",32.4575,23.73,4.310821716,3.83333724,13.9325,16.315,3.619992125,2.635114498,4.035037281,3.49632785,5.051239722,2.43569087,10.20624887,10.55818656,10.3381247,10.33082133,10.3266381,10.48078298,10.30866279,10.16970217,10.28271882,10.31134595,11.12368641,11.20539551,11.35463231,11.23717811,12.0111024,11.19847582,11.68193109,11.0989403,11.14720132,11.26975101,11.05613581,11.16464107,11.16765259,11.1977186,11.18599638,11.16225851,11.11218907,11.03987261,11.06172382,11.16223706,10.39033475,10.65775548,10.3502931,10.37899443,10.49039145,11.30881683,11.35299603,11.30589417,11.26248495,11.38652861,9.754081134,9.813138532,9.731902658,9.693742822,9.734165822,11.25235964,11.3809472,11.44083285,11.395297,11.44978095
"ATGGGGTGCTCTGGGGAAATATTGGAGGGTCATCCATTCCACATTAAAAGAGCAAGTTGT","255",15,"PDE4DIP",75.22875,90.1325,5.752749776,6.626211459,78.0075,68.2475,6.16061834,5.843769986,6.207442127,6.010503829,6.28789696,6.065264686,6.55829142,6.538600988,6.586001231,6.563639464,6.563181836,6.640295264,6.454374291,6.5291814,6.591771321,6.439847049,6.361784077,6.351777647,6.239437091,6.289630246,6.313740513,6.556912998,6.581489005,6.587802177,6.601072046,6.452728169,6.771657252,6.554766166,6.962202306,6.900673716,6.827556353,6.716954252,6.591846105,6.56864534,6.576811498,6.596606783,7.03122973,6.920562767,7.063761349,6.929103985,7.136585263,6.797544538,6.722416405,6.836526627,6.763127303,6.748119062,7.418830031,7.609460019,7.428115153,7.451625823,7.479293517,6.884899713,6.755348316,6.925081128,6.742201657,6.787926507
"ATTTGCCTTGTTTATTGTGAGCATGGAATACTTCTGGAAGCTTTCCTAGTAGATTTTTCT","70",5,"HSD17B7",15.4025,19.8825,4.420456701,4.40772767,19.2275,30.75,5.10714296,4.780038815,5.136243996,3.083101408,4.441392515,3.771956942,7.443339697,7.360625947,7.568522511,7.419171372,7.472914289,7.415711757,7.155158394,7.145501201,7.22638776,7.227923157,6.437373251,6.38574486,6.401407867,6.341378981,6.788130824,7.353211605,7.733486439,7.306484291,7.13354401,7.036520525,6.781927383,6.727405585,6.858180655,7.01962255,7.078982774,7.566727439,7.559355642,7.551624816,7.50975504,7.48387148,6.848334082,6.838490679,6.904408655,6.83370822,6.954109312,7.509502184,7.556386851,7.571243121,7.522805614,7.549439944,7.106146605,7.060422496,7.233038281,7.263596978,7.147328543,7.482716396,7.507635024,7.413659592,7.568577359,7.398871515
"CAAAAAATGGACTAGAAGAGAAGCTGGCTGAGGAGCTGAGATCAGCCTCGTGGCCTGGGT","255",15,"PDE4DIP",10.65,12.7675,2.504837087,4.583563387,8.9625,14.71,4.094686514,3.395185091,3.520728571,4.372598896,3.739992634,3.962143645,6.642101958,6.488310923,6.650799115,6.697222063,6.627381728,6.564249408,6.732084211,6.588401993,6.522684283,6.730183004,6.617163543,6.501226217,6.36458812,6.471338662,6.45470329,6.67765367,6.524879353,6.604913704,7.049684734,7.036123825,6.689429209,6.582994649,6.700971009,6.728551402,6.627089846,6.689708749,6.704018519,6.740191271,6.80143003,6.601666371,6.81365475,6.648787637,6.671737113,6.626797904,6.76306089,6.478636951,6.545393744,6.544775773,6.608540453,6.522448898,6.655672489,6.824504625,6.832744636,7.032001603,6.806905822,6.651516821,6.676102617,6.617604367,6.55169371,6.586001231
"CAAAAACTGGGAAGATGTACCAGGAGACCAGGTCAAGCCCGACCAATACACTGAGGCCCT","255",15,"PDE4DIP",91.41,103.7075,6.408463151,6.654450186,138.375,138.58,6.012363954,6.430275031,5.891864348,6.410105637,6.434970401,6.320797583,6.642101958,6.488310923,6.650799115,6.697222063,6.627381728,6.564249408,6.732084211,6.588401993,6.522684283,6.730183004,6.617163543,6.501226217,6.36458812,6.471338662,6.45470329,6.67765367,6.524879353,6.604913704,7.049684734,7.036123825,6.689429209,6.582994649,6.700971009,6.728551402,6.627089846,6.689708749,6.704018519,6.740191271,6.80143003,6.601666371,6.81365475,6.648787637,6.671737113,6.626797904,6.76306089,6.478636951,6.545393744,6.544775773,6.608540453,6.522448898,6.655672489,6.824504625,6.832744636,7.032001603,6.806905822,6.651516821,6.676102617,6.617604367,6.55169371,6.586001231
"CAGGACAAGTTCCTTCTAAAATCAATCCTTTGCTTTGGCCTGGAAGACCGAACATATTAG","255",15,"PDE4DIP",237,63.4925,7.746741885,7.233624264,16.8675,11.085,4.309826469,2.91207417,3.819033071,4.434492764,2.699397905,3.481031181,6.141493839,6.146797497,6.177145102,6.137030149,6.250090787,6.236378671,6.226812969,6.12430432,6.158760885,6.122752398,6.218734425,6.117671118,6.081783139,6.183709488,6.237143884,6.556912998,6.658103016,6.579152147,6.367561455,6.269044492,6.237143884,6.207845754,6.556299944,6.601369239,6.523154936,6.533937805,6.482191611,6.414387748,6.366862398,6.306285391,6.793453477,6.564706697,6.796636415,6.671737113,6.726781748,6.437685047,6.461103823,6.321218102,6.5063136,6.511224954,6.737557331,6.675679313,6.895957007,6.819595621,6.878967078,6.429698141,6.527383923,6.314647044,6.477989707,6.458481398
"CCTTTCTGACAGCTATGGAATACCGTTAGCCAAGGTCCACTTGGCCCAGCACTAAGAAAA","255",15,"PDE4DIP",30.81875,39.7575,4.488047014,4.560704913,16.7325,30.5675,3.631048694,3.428463953,3.873689432,4.308964556,3.544473552,2.245824301,7.494291963,7.6570152,7.460948177,7.350872938,7.432630411,7.430457559,7.661404523,7.544183245,7.562422772,7.728887186,7.959343039,8.01890242,7.924226834,8.058512279,7.77206289,8.266159117,8.119336103,8.186986289,8.135535499,8.24291725,7.835207891,7.793874925,7.589638376,7.550776106,7.513327453,7.825446345,7.853443964,7.939792735,7.793159631,7.728206965,8.067333071,8.033099204,8.012798989,8.166043087,8.05181353,8.036592364,7.95260332,7.977058217,7.960183244,7.931425176,8.121772466,8.274662724,8.323442462,8.479178279,8.383752109,7.880480388,7.940615097,7.844684332,7.929473601,7.95324379
"CTACCAAAGCTGTGTATTTTTCATTTCTTCATGGCACTGTGCTGTTAATTTCTGTTAACA","255",15,"PDE4DIP",125.5875,134.6625,5.723797245,6.186635649,118.26125,77.2225,5.631851255,6.086149131,5.750065438,5.901224182,5.722238663,5.751764373,6.642101958,6.488310923,6.650799115,6.697222063,6.627381728,6.564249408,6.732084211,6.588401993,6.522684283,6.730183004,6.617163543,6.501226217,6.36458812,6.471338662,6.45470329,6.67765367,6.524879353,6.604913704,7.049684734,7.036123825,6.689429209,6.582994649,6.700971009,6.728551402,6.627089846,6.689708749,6.704018519,6.740191271,6.80143003,6.601666371,6.81365475,6.648787637,6.671737113,6.626797904,6.76306089,6.478636951,6.545393744,6.544775773,6.608540453,6.522448898,6.655672489,6.824504625,6.832744636,7.032001603,6.806905822,6.651516821,6.676102617,6.617604367,6.55169371,6.586001231
"CTATGGAATACGATTAGCCAAGGTCCACTTGGCCCAGCACTAAGAAGAAGATGCATAGTT","255",15,"PDE4DIP",29.1675,11.0675,3.676894147,3.528586628,13.53,15.505,4.1891056,3.798390459,3.882634136,3.369440695,4.407039062,3.064069769,6.55829142,6.538600988,6.586001231,6.563639464,6.563181836,6.640295264,6.454374291,6.5291814,6.591771321,6.439847049,6.361784077,6.351777647,6.239437091,6.289630246,6.313740513,6.556912998,6.581489005,6.587802177,6.601072046,6.452728169,6.771657252,6.554766166,6.962202306,6.900673716,6.827556353,6.716954252,6.591846105,6.56864534,6.576811498,6.596606783,7.03122973,6.920562767,7.063761349,6.929103985,7.136585263,6.797544538,6.722416405,6.836526627,6.763127303,6.748119062,7.418830031,7.609460019,7.428115153,7.451625823,7.479293517,6.884899713,6.755348316,6.925081128,6.742201657,6.787926507
"CTGTTCCTTTGGCGACGTATATGCGAATCTATAAGAAAGGTGATATTGTAGACATCAAGG","81",9,"RPL21",5280.4575,3875.7175,12.2542487,12.1366957,7492.1175,4175.44,12.50410376,12.60523443,12.5236909,12.55981427,12.36751638,12.60826934,14.21656142,14.15008966,13.74837276,14.15008966,14.14460934,14.11334059,14.27358116,14.2983294,14.21433476,14.17655856,14.21433476,14.19494965,14.19494965,14.26692018,14.21211226,13.90608788,13.84889538,14.03336071,14.05158929,14.16414768,14.07337308,14.03336071,13.9830449,14.14736204,14.13091527,14.1661973,14.21007817,14.2453214,14.17880769,14.16739471,14.07577127,14.15192397,14.17122889,14.09730677,13.85615763,14.08485207,14.20083165,14.08269012,14.10376202,14.15598161,13.9100408,13.89160108,13.58438546,13.59499121,13.64289288,14.21892992,14.05463535,14.25309153,13.97382166,14.11963064
"GAACACAAAGAGAAAGAGGAGGGGCACCCGATATATGTTCTTTAGGCCTTTTAGAAAACA","81",9,"RPL21",6381.2225,6865.9525,12.4517313,12.13763036,8573.33,6704.055,12.60950576,12.58655042,12.6748121,12.6149159,12.49859055,12.71762578,14.37920344,14.34784529,14.20315267,14.35826356,14.32130496,14.36128628,14.34308132,14.33870965,14.41325214,14.2723379,14.42776827,14.44495508,14.41059419,14.50114714,14.45902145,14.0799319,14.11108643,14.26043415,14.25039362,14.39442358,14.29087894,14.20083165,14.11512707,14.06935545,14.09916007,14.20315267,14.31635056,14.21656142,14.06245821,14.06053349,14.21211226,14.26476703,14.29587768,14.23067992,14.19494965,14.17655856,14.341048,14.26476703,14.30253084,14.3302682,14.16125048,14.26043415,14.08485207,14.28152701,14.10376202,14.33581364,14.30779821,14.34526358,14.22184281,14.22860348
"GAAGCTGCTGCTATCAGAAGCCACTGTCTTTGCTCAGGCGAACGAGCTGGAGAAATACAG","255",15,"PDE4DIP",19.3,36.25375,3.989351141,3.853302018,23.2675,22.385,4.161641314,3.876762506,3.252636482,3.868612042,3.849681129,4.276881584,6.141493839,6.146797497,6.177145102,6.137030149,6.250090787,6.236378671,6.226812969,6.12430432,6.158760885,6.122752398,6.218734425,6.117671118,6.081783139,6.183709488,6.237143884,6.556912998,6.658103016,6.579152147,6.367561455,6.269044492,6.237143884,6.207845754,6.556299944,6.601369239,6.523154936,6.533937805,6.482191611,6.414387748,6.366862398,6.306285391,6.793453477,6.564706697,6.796636415,6.671737113,6.726781748,6.437685047,6.461103823,6.321218102,6.5063136,6.511224954,6.737557331,6.675679313,6.895957007,6.819595621,6.878967078,6.429698141,6.527383923,6.314647044,6.477989707,6.458481398
"GAGGTTTCTTCGTTTTGGAAAAGTAGAGGTATAAAATAACCTTTTTTGCTGGATACTGTC","90",6,"FRY",22.375,36.61625,5.296403076,5.767477573,37.25,51.3475,4.881077144,5.088791161,5.049081989,5.006710294,5.221105141,5.310430051,10.20624887,10.55818656,10.3381247,10.33082133,10.3266381,10.48078298,10.30866279,10.16970217,10.28271882,10.31134595,11.12368641,11.20539551,11.35463231,11.23717811,12.0111024,11.19847582,11.68193109,11.0989403,11.14720132,11.26975101,11.05613581,11.16464107,11.16765259,11.1977186,11.18599638,11.16225851,11.11218907,11.03987261,11.06172382,11.16223706,10.39033475,10.65775548,10.3502931,10.37899443,10.49039145,11.30881683,11.35299603,11.30589417,11.26248495,11.38652861,9.754081134,9.813138532,9.731902658,9.693742822,9.734165822,11.25235964,11.3809472,11.44083285,11.395297,11.44978095
"GCACCTGTGTTCTTTGAGTTCACATCATGAATGTGGTGATTTCCCAGATACCATCTCAGG","255",15,"PDE4DIP",104.62875,85.945,5.821977441,5.744728775,58.53,35.14,5.162767107,5.219856051,4.821214708,5.311026685,5.561437682,4.847401519,6.642101958,6.488310923,6.650799115,6.697222063,6.627381728,6.564249408,6.732084211,6.588401993,6.522684283,6.730183004,6.617163543,6.501226217,6.36458812,6.471338662,6.45470329,6.67765367,6.524879353,6.604913704,7.049684734,7.036123825,6.689429209,6.582994649,6.700971009,6.728551402,6.627089846,6.689708749,6.704018519,6.740191271,6.80143003,6.601666371,6.81365475,6.648787637,6.671737113,6.626797904,6.76306089,6.478636951,6.545393744,6.544775773,6.608540453,6.522448898,6.655672489,6.824504625,6.832744636,7.032001603,6.806905822,6.651516821,6.676102617,6.617604367,6.55169371,6.586001231
"GGAAGGAGTCTGAGCTGCTGGAACCTATTCCCTATGAATTCATGGCATAATAGGTGTTAA","81",9,"RPL21",46392.5,45883.44,15.41674335,15.38755235,47613.635,44025.175,15.35775739,15.33164436,15.41674335,15.30941288,15.2308482,15.38158193,12.71001128,12.68130344,12.56783871,12.70662467,12.73627636,12.74898445,12.84792569,12.75576723,12.75508078,12.78067633,12.71068292,12.70737123,12.70737123,12.82817141,12.78991792,12.47182533,12.28700992,12.56934205,12.46361277,12.60359298,12.50501906,12.56409138,12.66383738,12.70917345,12.82550463,12.71892797,12.52679657,12.52157249,12.51828089,12.56060178,12.50246041,12.62119933,12.50099273,12.44033093,12.52305371,12.6113421,12.62119933,12.57081536,12.62362915,12.65514519,12.47003755,12.38542189,12.0661417,12.29016463,12.23734026,12.66994492,12.64123127,12.79542911,12.50391418,12.65660498
"GGCCACATATATGCTAATCTATAAGAAAGGTGATATTGCAGACATCAAGGGAAGGGGTAC","81",9,"RPL21",3746.365,2738.235,12.0594801,11.97338005,5260.6125,3136.01,12.29568618,12.47120257,12.35939266,12.49272652,12.37338857,12.47338716,14.37920344,14.34784529,14.20315267,14.35826356,14.32130496,14.36128628,14.34308132,14.33870965,14.41325214,14.2723379,14.42776827,14.44495508,14.41059419,14.50114714,14.45902145,14.0799319,14.11108643,14.26043415,14.25039362,14.39442358,14.29087894,14.20083165,14.11512707,14.06935545,14.09916007,14.20315267,14.31635056,14.21656142,14.06245821,14.06053349,14.21211226,14.26476703,14.29587768,14.23067992,14.19494965,14.17655856,14.341048,14.26476703,14.30253084,14.3302682,14.16125048,14.26043415,14.08485207,14.28152701,14.10376202,14.33581364,14.30779821,14.34526358,14.22184281,14.22860348
"GTGGACAACTCGAATAAGTTTGACTTGTGTTTTATCTTAACCACCAGATCATTCCTTCTG","70",5,"HSD17B7",43078.28,35250.2625,15.06367462,14.14517682,49908.475,42313.3575,15.16132461,14.93309586,15.24782874,14.90697342,15.26228545,15.13784917,9.03962115,9.012739243,8.926669792,8.949465093,8.842746533,8.900764387,8.808501109,8.868501783,8.890951459,8.866401323,8.389528396,8.009191712,7.905606104,7.834891984,8.052411446,9.474103535,9.384559434,9.389665896,9.595884161,9.42230884,7.967723667,7.845939004,7.89697681,7.999471538,8.024287627,8.907840258,8.912668027,9.091768759,8.998198513,9.018606544,8.415450535,8.349639827,8.68083794,8.576809571,8.465203412,8.79355801,8.89391145,8.81402504,8.812357244,8.907780184,8.896562692,8.807599859,8.831738141,8.962595485,8.838498228,8.661194015,8.709414946,8.469137368,8.748682836,8.781281238
"GTGTTGAGTCAGTGGGGACCAGCCTGCCCACAGGAGAAAATTAAAAGACACAAAAACAAA","255",15,"PDE4DIP",18.22125,34.20625,5.068948631,4.875252532,31.355,26.55875,5.163443499,6.12607459,4.90814183,5.656664461,5.879604121,5.326158634,7.494291963,7.6570152,7.460948177,7.350872938,7.432630411,7.430457559,7.661404523,7.544183245,7.562422772,7.728887186,7.959343039,8.01890242,7.924226834,8.058512279,7.77206289,8.266159117,8.119336103,8.186986289,8.135535499,8.24291725,7.835207891,7.793874925,7.589638376,7.550776106,7.513327453,7.825446345,7.853443964,7.939792735,7.793159631,7.728206965,8.067333071,8.033099204,8.012798989,8.166043087,8.05181353,8.036592364,7.95260332,7.977058217,7.960183244,7.931425176,8.121772466,8.274662724,8.323442462,8.479178279,8.383752109,7.880480388,7.940615097,7.844684332,7.929473601,7.95324379
"GTTACCCAGCATGCTGTTGGCATTGTTGTAAACAAACAAGTTAAAGGCAAGATTCTTGCC","81",9,"RPL21",24563.01,27131.1575,14.49437494,14.39629068,25395.2325,27531.3325,14.4908964,14.45152599,14.42339425,14.51264525,14.38873096,14.53041819,13.95296106,13.75897332,13.25395324,13.54515587,13.62107269,13.58298943,13.86694912,13.84234996,13.77411641,13.7152956,13.79313751,13.75664347,13.82190012,13.93110832,13.63741124,13.46120394,13.24265997,13.64289288,13.71001709,13.87169314,13.64428962,13.6455578,13.46590384,13.55382798,13.53674455,13.71126324,13.75260499,13.77727957,13.79153594,13.81891027,13.56526468,13.67336165,13.63355223,13.52009882,13.44083363,13.53073504,13.57527995,13.53674455,13.5358022,13.50573665,13.3081493,13.26881187,12.95531318,12.88997751,13.04829036,13.64289288,13.42424715,13.695565,13.39007839,13.47196678
"GTTGTAAACAAACAAGTTAAGGGCAAGATTCTTGCCAAGAGAATTAATGTGCGTATTGAG","81",9,"RPL21",6638.93,6876.9825,12.97075733,12.90778106,9555.755,7781.745,13.13837712,13.19186423,13.15915707,13.14983643,13.09942457,13.19186423,13.95296106,13.75897332,13.25395324,13.54515587,13.62107269,13.58298943,13.86694912,13.84234996,13.77411641,13.7152956,13.79313751,13.75664347,13.82190012,13.93110832,13.63741124,13.46120394,13.24265997,13.64289288,13.71001709,13.87169314,13.64428962,13.6455578,13.46590384,13.55382798,13.53674455,13.71126324,13.75260499,13.77727957,13.79153594,13.81891027,13.56526468,13.67336165,13.63355223,13.52009882,13.44083363,13.53073504,13.57527995,13.53674455,13.5358022,13.50573665,13.3081493,13.26881187,12.95531318,12.88997751,13.04829036,13.64289288,13.42424715,13.695565,13.39007839,13.47196678
"TCCCAGATACCATTTCAGGCTTAACCTAGCACATCCTATTTCTTTTCTTCTATGATATCC","255",15,"PDE4DIP",63.95375,61.2275,5.62195929,5.613410178,33.8425,60.975,4.944435423,5.193310268,5.223439304,5.28596451,4.153433999,4.898910084,6.141493839,6.180331565,6.177145102,6.088795003,6.182120862,6.142106795,6.213494789,6.192774069,6.25875093,6.200249251,6.120369536,6.093028091,6.136415031,6.143740074,6.182915393,6.239818938,6.132204693,6.298241683,6.040386183,6.145982817,7.148629232,7.006153104,7.128623633,7.18817499,7.254042533,6.181524676,6.087522651,6.116008041,6.100574462,6.158760885,7.25819511,7.091197879,6.98815324,7.194883057,7.223681584,6.235421584,6.186089151,6.282821678,6.118086588,6.206478874,6.88550994,7.301030211,6.822848906,7.001775786,6.854082312,6.229314948,6.288707853,6.225849512,6.136620099,6.282451046
"TGGTATAAAAGGCAAAATGGCATTGAGGATGAATCACATGAATACAGACCAAGAACAAGC","90",6,"FRY",32.4325,19.905,4.781333656,5.524324277,20.2175,18.00625,4.146512737,4.469801388,4.651999914,4.351018595,4.885095657,4.637404123,11.322402,11.41985806,11.42628366,11.35937405,11.44152346,11.51738696,11.47270407,11.49504856,11.44005733,11.48245055,9.984313161,10.22472051,9.970963006,9.965922873,9.961132855,11.34762473,11.30916713,11.28234485,11.38130829,11.50496348,8.847859352,8.801857282,8.940536972,8.960830423,8.883562984,11.93645614,11.94169912,12.02726364,11.9400625,11.84230951,9.547340058,9.47081354,9.856730636,9.696369582,9.585969156,12.38296198,12.32627107,12.42866403,12.36271536,12.36035771,11.2386263,11.01147612,11.45337665,11.40870181,11.29781106,12.08700731,12.09537594,12.20544691,12.1080984,12.15942864
"TTAAGCACTCTAAGAGCCGAGATAGCTTCCTGAAATGTGTGAAGGAAAATGATCAGAAAA","81",9,"RPL21",28633.1375,35054.025,14.76053077,14.71992886,30448.765,30448.765,14.78402153,14.87612909,14.8591435,14.83631838,14.7678924,14.91592103,15.20922778,15.16245451,15.08196628,15.22070994,15.20488693,15.23982546,15.25036712,15.31538084,15.31028672,15.20488693,15.38411141,15.41829854,15.31028672,15.4272564,15.81566538,15.15280912,15.32035443,15.2711083,15.1349042,15.19139802,15.33455599,15.31028672,15.5372917,15.55608048,15.60546696,15.50733431,15.51988641,15.23982546,15.26270585,15.21702376,15.33080718,15.4104913,15.43701715,15.31538084,15.37298052,15.21338928,15.21702376,15.33080718,15.32035443,15.40537505,15.16996711,15.20488693,15.14899351,15.18188546,15.07724534,15.47838779,15.28980083,15.47185891,15.27992016,15.27542674
"TTCCATCACCTTTCCTTGAAAATATATCTTCAGCTTTGGGTAGGAGGAATCTTGGTGTAT","255",15,"PDE4DIP",70.565,45.825,5.832803841,5.556593038,33.635,46.85125,4.272972409,5.027763516,5.223439304,4.305322527,4.62145114,5.464344644,6.141493839,6.146797497,6.177145102,6.137030149,6.250090787,6.236378671,6.226812969,6.12430432,6.158760885,6.122752398,6.218734425,6.117671118,6.081783139,6.183709488,6.237143884,6.556912998,6.658103016,6.579152147,6.367561455,6.269044492,6.237143884,6.207845754,6.556299944,6.601369239,6.523154936,6.533937805,6.482191611,6.414387748,6.366862398,6.306285391,6.793453477,6.564706697,6.796636415,6.671737113,6.726781748,6.437685047,6.461103823,6.321218102,6.5063136,6.511224954,6.737557331,6.675679313,6.895957007,6.819595621,6.878967078,6.429698141,6.527383923,6.314647044,6.477989707,6.458481398
"TTGAGGAAGTCTGTATAGGGTGACCCATTGTGTCTCAGTACCACGTTTTCTTTCTTTTTT","70",5,"HSD17B7",23.6025,12.80875,3.931490605,3.564095423,17.3825,28.2525,4.269236578,5.066428914,3.447056545,4.335340524,3.69048493,3.477791752,6.585250173,6.55200125,6.801947306,6.764388561,6.805820974,6.694174035,6.657960157,6.664146492,6.663506204,6.672429849,6.53951231,6.57877488,6.465495672,6.511224954,6.687345148,6.844834081,6.907651522,6.834262616,6.810573443,6.781657485,6.59571207,6.582994649,6.743885208,6.738570954,6.76306089,6.944873668,6.829460409,6.996312198,6.968890414,6.891355023,6.508058253,6.540442553,6.609427248,6.615693158,6.350894156,6.815438616,6.832744636,6.870132771,6.829460409,6.85632529,6.516729504,6.48957429,6.563410668,6.604913704,6.551078433,6.768087784,6.790795938,6.867602348,6.88294525,6.783099162
"TTTGGCGTGCAGGAATATGAGCAAGGCAGAAGCTGTCTGTGCTGCTCTGCTGGCCTCTCA","70",5,"HSD17B7",119.605,123.33,6.507424541,6.579500034,67.2175,90.3275,5.815039731,5.849889449,5.674321138,5.63534931,6.016111641,5.770293115,7.76096557,7.679813744,7.857275303,7.798677533,7.866391895,7.74218836,7.684730151,7.53207618,7.70153016,7.715530914,7.14032274,7.179645525,7.13965787,7.096636636,7.207673078,7.879929277,7.815682204,7.818273307,7.596400128,7.567678844,7.437216074,7.360647887,7.359945471,7.465240213,7.550121949,7.841700104,7.824587443,7.783632163,7.80523907,7.700073959,7.075355916,7.076959642,7.301533285,7.61314906,7.419925658,7.815874297,7.751624126,7.830081796,7.789512624,7.876740952,7.615283875,7.377138869,7.65081931,7.822517617,7.494731975,7.822294536,7.826527055,7.672053765,7.855158422,7.714569654
"TTTTAAAGAAGGCAAGCACTAACTTAGAGGAACCATGCAAGAAGCGCAGCCACCAGAAGT","255",15,"PDE4DIP",18.6225,18.305,3.088423926,3.26096211,29.79,11.46,3.011269202,3.249960658,3.208008345,3.379702587,3.5248241,3.860183949,6.55829142,6.538600988,6.586001231,6.563639464,6.563181836,6.640295264,6.454374291,6.5291814,6.591771321,6.439847049,6.361784077,6.351777647,6.239437091,6.289630246,6.313740513,6.556912998,6.581489005,6.587802177,6.601072046,6.452728169,6.771657252,6.554766166,6.962202306,6.900673716,6.827556353,6.716954252,6.591846105,6.56864534,6.576811498,6.596606783,7.03122973,6.920562767,7.063761349,6.929103985,7.136585263,6.797544538,6.722416405,6.836526627,6.763127303,6.748119062,7.418830031,7.609460019,7.428115153,7.451625823,7.479293517,6.884899713,6.755348316,6.925081128,6.742201657,6.787926507
